ProductName,Stars,Rating,Review,MRP,CurrentPrice,Processor,RAM,Storage,ImageUrl
Lenovo IdeaPad 3 Ryzen 5 Hexa Core 5500U,4.3,372,44,₹68490,₹47490,AMD Ryzen 5 Hexa Core Processor,8 GB DDR4 RAM,512 GB SSD,https://rukminim2.flixcart.com/image/312/312/keaaavk0/computer/x/m/y/lenovo-na-laptop-original-imafuzt8r5jqppfn.jpeg?q=70

ASUS VivoBook 15 (2022) Core i5 10th Gen,4,70,6,₹62990,₹47990,Intel Core i5 Processor (10th Gen),8 GB DDR4 RAM,512 GB SSD,https://rukminim2.flixcart.com/image/312/312/kp2y2kw0/computer/y/0/c/na-thin-and-light-laptop-asus-original-imag3ebnzawky4kn.jpeg?q=70

Lenovo IdeaPad 3 Core i5 10th Gen,4.1,185,16,₹64290,₹48490,Intel Core i5 Processor (10th Gen),8 GB DDR4 RAM,512 GB SSD,https://rukminim2.flixcart.com/image/312/312/keaaavk0/computer/x/m/y/lenovo-na-laptop-original-imafuzt8r5jqppfn.jpeg?q=70

acer Aspire 7 Core i5 10th Gen,4.4,11819,1282,₹89999,₹54990,Free upgrade to Windows 11 when available,Intel Core i5 Processor (10th Gen),64 bit Windows 10 Operating System,https://rukminim2.flixcart.com/image/312/312/kp1imq80/computer/u/b/z/na-gaming-laptop-acer-original-imag3d63hk3h8nm2.jpeg?q=70

HP Core i3 11th Gen,4.4,33,3,₹52900,₹42990,Intel Core i3 Processor (11th Gen),8 GB DDR4 RAM,512 GB SSD,https://rukminim2.flixcart.com/image/312/312/l0zm64w0/computer/k/h/m/14s-dq2606tu-thin-and-light-laptop-hp-original-imagcnsfnrzvzbs6.jpeg?q=70

ASUS VivoBook 15 (2022) Core i5 11th Gen,4.3,1400,143,₹70990,₹47990,Intel Core i5 Processor (11th Gen),8 GB DDR4 RAM,1 TB HDD|256 GB SSD,https://rukminim2.flixcart.com/image/312/312/kp2y2kw0/computer/y/0/c/na-thin-and-light-laptop-asus-original-imag3ebnzawky4kn.jpeg?q=70

ASUS VivoBook 14 (2022) Core i5 11th Gen,4.2,100,7,₹72990,₹47990,Intel Core i5 Processor (11th Gen),8 GB DDR4 RAM,1 TB HDD|256 GB SSD,https://rukminim2.flixcart.com/image/312/312/l2m78280/computer/z/e/f/-original-imagdx9szs8xz2rk.jpeg?q=70

MSI GF63 Thin Core i5 10th Gen,4.1,1158,142,₹72990,₹55490,Intel Core i5 Processor (10th Gen),8 GB DDR4 RAM,1 TB HDD,https://rukminim2.flixcart.com/image/312/312/ko7idu80/computer/x/l/i/gf63-thin-10scxr-1616in-notebook-msi-original-imag2q55h6w2avfr.jpeg?q=70

Lenovo Ideapad AMD Ryzen 5 Hexa Core 5500U,4.8,11,4,₹68490,₹48990,AMD Ryzen 5 Hexa Core Processor,8 GB DDR4 RAM,512 GB SSD,https://rukminim2.flixcart.com/image/312/312/kxuqdu80/computer/o/u/j/lenovo-core-i5-laptop-lenovo-original-imaga7u8ehmnfggx.jpeg?q=70

HP Ryzen 5 Hexa Core 5500U,4.4,377,51,₹57042,₹48440,AMD Ryzen 5 Hexa Core Processor,8 GB DDR4 RAM,512 GB SSD,https://rukminim2.flixcart.com/image/312/312/l2rwzgw0/computer/m/k/o/-original-imagefmhxu9rmfjq.jpeg?q=70

HP Ryzen 5 Hexa Core 5500U,4.4,136,15,₹60959,₹48990,AMD Ryzen 5 Hexa Core Processor,8 GB DDR4 RAM,512 GB SSD,https://rukminim2.flixcart.com/image/312/312/kzrbiq80/computer/q/w/v/15s-eq2144au-thin-and-light-laptop-hp-original-imagbpb2qzqx6knt.jpeg?q=70

MSI GF63 Thin Hexa Core i5 10th Gen,4.4,2802,292,₹76990,₹57990,Intel Hexa Core i5 Processor (10th Gen),8 GB DDR4 RAM,1 TB HDD|256 GB SSD,https://rukminim2.flixcart.com/image/312/312/ko7idu80/computer/x/l/i/gf63-thin-10scxr-1616in-notebook-msi-original-imag2q55h6w2avfr.jpeg?q=70

HP 15s Ryzen 3 Dual Core 3250U,4.3,3647,445,₹48294,₹41490,AMD Ryzen 3 Dual Core Processor,8 GB DDR4 RAM,1 TB HDD|256 GB SSD,https://rukminim2.flixcart.com/image/312/312/kk2wl8w0/computer/z/u/5/hp-original-imafzgdgcbtxvjka.jpeg?q=70

realme Book (Slim) Core i3 11th Gen,4.4,7184,1140,₹54999,₹46990,Intel Core i3 Processor (11th Gen),8 GB DDR4 RAM,256 GB SSD,https://rukminim2.flixcart.com/image/312/312/ksez24w0/computer/v/b/y/rmnb1001-thin-and-light-laptop-realme-original-imag5zhgw27k4tbb.jpeg?q=70

HP Core i3 11th Gen,4.3,1022,96,₹49590,₹42490,Intel Core i3 Processor (11th Gen),8 GB DDR4 RAM,512 GB SSD,https://rukminim2.flixcart.com/image/312/312/kyt0ya80/computer/s/z/b/-original-imagayc6ahrmg8y7.jpeg?q=70

ASUS Core i7 10th Gen,4.4,210,19,₹81990,₹73990,Intel Core i7 Processor (10th Gen),8 GB DDR4 RAM,1 TB SSD,https://rukminim2.flixcart.com/image/312/312/knni7ww0/computer/b/m/9/na-gaming-laptop-asus-original-imag2a8cxegj2x6w.jpeg?q=70

HP Core i3 11th Gen,4.2,109,10,₹51506,₹40890,Intel Core i3 Processor (11th Gen),8 GB DDR4 RAM,512 GB SSD,https://rukminim2.flixcart.com/image/312/312/kzrbiq80/computer/v/d/d/15s-fq2626tu-thin-and-light-laptop-hp-original-imagbpb2sztfprgz.jpeg?q=70

ASUS VivoBook K15 OLED (2022) Core i3 11th Gen,4.5,933,171,₹58990,₹45990,Intel Core i3 Processor (11th Gen),8 GB DDR4 RAM,256 GB SSD,https://rukminim2.flixcart.com/image/312/312/l2dmky80/computer/l/c/g/-original-imagdqdyewdfx452.jpeg?q=70

DELL Inspiron Core i3 11th Gen,4.4,100,12,₹68658,₹49990,Intel Core i3 Processor (11th Gen),8 GB DDR4 RAM,256 GB SSD,https://rukminim2.flixcart.com/image/312/312/kod858w0/computer/a/a/i/na-2-in-1-laptop-dell-original-imag2ueajx2uhvcg.jpeg?q=70

MSI GF65 Thin Hexa Core i5 10th Gen,4.5,349,51,₹106990,₹69990,Intel Hexa Core i5 Processor (10th Gen),16 GB DDR4 RAM,512 GB SSD,https://rukminim2.flixcart.com/image/312/312/ktszgy80/computer/e/v/f/gf65-thin-10ue-290in-gaming-laptop-msi-original-imag72h6vxjqhpnh.jpeg?q=70

ASUS VivoBook 15 (2021) Core i5 10th Gen,0,0,0,₹64990,₹45990,Intel Core i5 Processor (10th Gen),8 GB DDR4 RAM,512 GB SSD,https://rukminim2.flixcart.com/image/312/312/kp2y2kw0/computer/y/0/c/na-thin-and-light-laptop-asus-original-imag3ebnzawky4kn.jpeg?q=70

DELL Inspiron Core i3 10th Gen,4.4,24,1,₹60122,₹45190,Intel Core i3 Processor (10th Gen),8 GB DDR4 RAM,1 TB HDD|256 GB SSD,https://rukminim2.flixcart.com/image/312/312/kt8zb0w0/computer/n/m/v/inspiron-3511-thin-and-light-laptop-dell-original-imag6n5kbmfcgxk6.jpeg?q=70

Lenovo IdeaPad Core i5 10th Gen,4.2,10,0,₹79690,₹47999,Intel Core i5 Processor (10th Gen),8 GB DDR4 RAM,512 GB SSD,https://rukminim2.flixcart.com/image/312/312/keaaavk0/computer/x/m/y/lenovo-na-laptop-original-imafuzt8r5jqppfn.jpeg?q=70

acer Predator Helios 300 Octa Core i7 10th Gen,4.5,1376,192,₹149999,₹99990,Free upgrade to Windows 11 when available,Intel Octa Core i7 Processor (10th Gen),64 bit Windows 10 Operating System,https://rukminim2.flixcart.com/image/312/312/kuvkcy80/computer/x/s/4/na-gaming-laptop-acer-original-imag7whp2f8fgpaz.jpeg?q=70

